<?xml version="1.0" encoding="utf-8"?>
<ApplicationInstallerManifest>
   <DefaultInstallationDirectory>/Applications/BubbleAnalyserApp/</DefaultInstallationDirectory>
   <ApplicationName>BubbleAnalyserApp</ApplicationName>
   <ExecutableName>application/BubbleAnalyserApp.exe</ExecutableName>
   <GUID>01d50138-72ab-4d02-aae1-d15417dc7c9f</GUID>
   <ApplicationIcon>icon_48.png</ApplicationIcon>
   <Logo>default_logo.png</Logo>
   <Version>1.0</Version>
   <InstallationNotes>In the following directions, replace MR/v99 by the directory on the target machine where MATLAB is installed, or MR by the directory where the MATLAB Runtime is installed.

If the environment variable DYLD_LIBRARY_PATH is undefined, set it to the following string:

MR/v99/runtime/maci64:MR/v99/sys/os/maci64:MR/v99/bin/maci64

If it is defined, set it to the following:

${DYLD_LIBRARY_PATH}:MR/v99/runtime/maci64:MR/v99/sys/os/maci64:MR/v99/bin/maci64
</InstallationNotes>
   <Summary>Bubble Analyser is a Matlab Application for processing and quantifying bubble images, normally taken for assessing froth flotation equipment</Summary>
   <WelcomePanelText>BubbleAnalyserApp 1.0
Bubble Analyser is a Matlab Application for processing and quantifying bubble images, normally taken for assessing froth flotation equipment

Usage
If you have added the ‘Bubble Analyser’ folder to your Matlab path, you can run the APP by:
&gt;&gt; BubbleAnalyserApp()

Contributing
We researchers to join as developers to the repository so they can contribute making Bubble Analyser better. Please get in touch with the Administrator of the repository to be added as a member.
Once joined, please open an issue first to discuss what you would like to change.

Cite this work
To reference this work please do as:
@misc{BubbleAnalyser2021,
author = {Mesa, Diego and Quintanilla, Paulina and Reyes, Francisco},
title = {{Bubble Analyser software}},
year = {2021},
publisher = {GitLab},
url = {https://gitlab.com/frreyes1/bubble-sizer}
}

License
Bubble Analyser is free software: you can redistribute it and/or modify it under the terms of the GNU General Public License as published by the Free Software Foundation version 3 only of the License.
Bubble Analyser is distributed in the hope that it will be useful, but WITHOUT ANY WARRANTY; without even the implied warranty of MERCHANTABILITY or FITNESS FOR A PARTICULAR PURPOSE.  See the GNU General Public License for more details.
You should have received a copy of the GNU General Public License along with Bubble Analyser.  If not, see https://www.gnu.org/licenses/.

F. Reyes, P. Quintanilla, D. Mesa
f.reyes@uq.edu.au, p.quintanilla18@imperial.ac.uk, d.mesa16@imperial.ac.uk,</WelcomePanelText>
   <MCRProducts>
      <MCRProduct>
         <ExternalProductIdentifier>35000</ExternalProductIdentifier>
      </MCRProduct>
      <MCRProduct>
         <ExternalProductIdentifier>35010</ExternalProductIdentifier>
      </MCRProduct>
      <MCRProduct>
         <ExternalProductIdentifier>35106</ExternalProductIdentifier>
      </MCRProduct>
      <MCRProduct>
         <ExternalProductIdentifier>35112</ExternalProductIdentifier>
      </MCRProduct>
      <MCRProduct>
         <ExternalProductIdentifier>35117</ExternalProductIdentifier>
      </MCRProduct>
      <MCRProduct>
         <ExternalProductIdentifier>35119</ExternalProductIdentifier>
      </MCRProduct>
      <MCRProduct>
         <ExternalProductIdentifier>35178</ExternalProductIdentifier>
      </MCRProduct>
   </MCRProducts>
</ApplicationInstallerManifest>